month_index,mean_retention,n_cohorts
0,1.0,23
1,0.20663925387756885,22
2,0.21685626577351208,21
3,0.21027310878526267,20
4,0.1987692044029746,19
5,0.1808557020852624,18
6,0.17321601038720374,17
7,0.17152186842408584,16
8,0.1482518375299023,15
9,0.142277273910955,14
10,0.13677151158975653,13
11,0.14139235238900558,12
12,0.17926023333590527,11
13,0.16578906923078163,10
14,0.15760715883976195,9
15,0.16213527729533328,8
16,0.17497186520401767,7
17,0.1732577561394204,6
18,0.1694037632444282,5
19,0.2155982697426797,4
20,0.231734217358441,3
