CohortMonth,CohortSize,RepeatEver,AvgOrders,MedianFirstOrderValue,RevenuePerCustomer,Repeat90d,MedianDaysToSecond_90d,FullyObserved
2009-12,951,0.9127234490010515,15.94216614090431,302.78000000000003,8956.954206098842,0.6151419558359621,25.0,True
2010-01,368,0.8967391304347826,8.396739130434783,298.895,3545.968097826087,0.5407608695652174,38.0,True
2010-02,375,0.8426666666666667,6.693333333333333,306.0,2643.4697066666668,0.5173333333333333,36.5,True
2010-03,441,0.8253968253968254,6.512471655328798,303.98,2981.8989342403625,0.4376417233560091,42.0,True
2010-04,294,0.7857142857142857,5.108843537414966,300.895,1847.9327891156463,0.3979591836734694,35.0,True
2010-05,255,0.7843137254901961,4.4,266.6,1526.414862745098,0.3686274509803922,33.0,True
2010-06,267,0.7528089887640449,4.456928838951311,286.71,2242.583071161049,0.3857677902621723,30.0,True
2010-07,185,0.7513513513513513,5.135135135135135,242.46,1653.6435675675675,0.4540540540540541,34.0,True
2010-08,163,0.7116564417177914,4.466257668711656,289.51,1531.748282208589,0.5276073619631901,37.5,True
2010-09,239,0.7071129707112971,4.175732217573222,301.98,2492.8077824267784,0.45188284518828453,32.0,True
2010-10,375,0.6586666666666666,3.5653333333333332,304.18,1402.1222933333333,0.4026666666666667,28.0,True
2010-11,326,0.5950920245398773,3.1411042944785277,266.015,1116.527055214724,0.34662576687116564,14.0,True
2010-12,76,0.5526315789473685,2.0526315789473686,387.35,986.2165789473685,0.15789473684210525,38.0,True
2011-01,72,0.5694444444444444,3.625,256.275,1943.2506944444442,0.4166666666666667,21.5,True
2011-02,125,0.592,3.2,239.29999999999998,1117.8332,0.32,27.5,True
2011-03,179,0.6312849162011173,3.474860335195531,298.0,1204.742346368715,0.41899441340782123,41.0,True
2011-04,106,0.6037735849056604,3.3207547169811322,299.46000000000004,987.1352830188679,0.37735849056603776,35.5,True
2011-05,111,0.6486486486486487,3.099099099099099,271.85,2531.6719819819823,0.43243243243243246,34.5,True
2011-06,108,0.6203703703703703,2.7962962962962963,246.065,1249.9341666666664,0.5,28.5,True
2011-07,101,0.7227722772277227,2.782178217821782,304.09999999999997,916.688811881188,0.5544554455445545,28.0,True
2011-08,107,0.5794392523364486,2.364485981308411,284.55,1268.3471962616823,0.4953271028037383,37.0,True
2011-09,188,0.5531914893617021,2.25531914893617,333.87,817.9896276595744,,,False
2011-10,221,0.416289592760181,1.8642533936651584,295.93,647.1456561085973,,,False
2011-11,191,0.28272251308900526,1.4293193717277486,256.32,487.97806282722513,,,False
