CohortMonth,0,1,2,3,4,5,6,7,8,9,10,11,12,13,14,15,16,17,18,19,20,21,22,23,24
2009-12,902,315,296,380,339,322,334,311,304,318,377,445,338,241,216,262,236,269,247,225,225,276,268,362,
2010-01,340,72,109,108,90,109,87,80,94,110,105,59,76,63,65,53,82,69,64,67,88,67,84,,
2010-02,344,81,77,105,83,70,63,99,89,95,40,39,49,60,44,66,52,59,47,80,78,51,,,
2010-03,411,81,98,102,96,87,104,127,116,45,47,60,83,66,83,69,75,64,72,85,87,,,,
2010-04,268,52,55,45,51,59,74,70,27,25,20,36,38,41,40,42,36,43,46,59,,,,,
2010-05,234,36,40,42,42,59,52,30,14,15,26,30,35,35,20,27,31,40,33,,,,,,
2010-06,243,42,47,51,56,70,32,19,20,27,25,34,34,28,27,25,30,49,,,,,,,
2010-07,163,25,28,49,46,22,15,21,20,19,18,24,18,21,31,28,38,,,,,,,,
2010-08,149,30,43,46,24,18,12,19,19,20,17,18,21,24,26,28,,,,,,,,,
2010-09,216,54,50,29,19,23,32,20,28,28,28,22,47,38,36,,,,,,,,,,
2010-10,337,84,50,37,28,26,45,46,35,32,37,45,65,79,,,,,,,,,,,
2010-11,306,54,27,28,22,28,42,33,28,29,31,46,79,,,,,,,,,,,,
2010-12,64,5,3,5,6,5,3,5,4,2,6,12,,,,,,,,,,,,,
2011-01,63,11,15,14,16,10,9,7,8,13,16,,,,,,,,,,,,,,
2011-02,109,17,18,19,27,18,17,16,17,19,,,,,,,,,,,,,,,
2011-03,164,30,37,33,34,25,32,31,39,,,,,,,,,,,,,,,,
2011-04,93,23,16,19,17,22,16,25,,,,,,,,,,,,,,,,,
2011-05,97,22,22,17,21,19,25,,,,,,,,,,,,,,,,,,
2011-06,94,23,17,24,19,24,,,,,,,,,,,,,,,,,,,
2011-07,89,19,28,26,32,,,,,,,,,,,,,,,,,,,,
2011-08,87,25,25,22,,,,,,,,,,,,,,,,,,,,,
2011-09,169,44,64,,,,,,,,,,,,,,,,,,,,,,
2011-10,195,64,,,,,,,,,,,,,,,,,,,,,,,
2011-11,176,,,,,,,,,,,,,,,,,,,,,,,,
