bin_start,bin_end,label,customers,share
0,0,0,290,0.0684931506849315
1,7,1-7,258,0.06093528578176665
8,14,8-14,282,0.06660368445914029
15,21,15-21,242,0.05715635333018422
22,28,22-28,202,0.047709022201228156
29,35,29-35,246,0.05810108644307983
36,42,36-42,219,0.05172413793103448
43,49,43-49,196,0.046291922531884744
50,56,50-56,175,0.041332073689182805
57,63,57-63,145,0.03424657534246575
64,70,64-70,123,0.029050543221539916
71,77,71-77,106,0.025035427491733587
78,84,78-84,114,0.0269248937175248
85,91,85-91,121,0.02857817666509211
92,98,92-98,95,0.022437411431270666
99,105,99-105,75,0.01771374586679263
106,112,106-112,74,0.01747756258856873
113,119,113-119,70,0.01653282947567312
120,126,120-126,79,0.01865847897968824
127,133,127-133,69,0.01629664619744922
134,140,134-140,53,0.012517713745866793
141,147,141-147,60,0.014170996693434105
148,154,148-154,59,0.013934813415210204
155,161,155-161,49,0.011572980632971186
162,168,162-168,44,0.010392064241851677
169,175,169-175,31,0.007321681624940954
176,182,176-182,43,0.010155880963627776
183,189,183-189,31,0.007321681624940954
190,196,190-196,40,0.00944733112895607
197,203,197-203,28,0.006613131790269249
204,210,204-210,31,0.007321681624940954
211,217,211-217,31,0.007321681624940954
218,224,218-224,28,0.006613131790269249
225,231,225-231,23,0.00543221539914974
232,238,232-238,24,0.005668398677373642
239,245,239-245,19,0.004487482286254133
246,252,246-252,16,0.003778932451582428
253,259,253-259,18,0.004251299008030231
260,266,260-266,15,0.0035427491733585263
267,273,267-273,15,0.0035427491733585263
274,280,274-280,17,0.00401511572980633
281,287,281-287,15,0.0035427491733585263
288,294,288-294,15,0.0035427491733585263
295,301,295-301,18,0.004251299008030231
302,308,302-308,15,0.0035427491733585263
309,315,309-315,9,0.0021256495040151155
316,322,316-322,15,0.0035427491733585263
323,329,323-329,14,0.0033065658951346244
330,336,330-336,14,0.0033065658951346244
337,343,337-343,17,0.00401511572980633
344,350,344-350,18,0.004251299008030231
351,357,351-357,22,0.0051960321209258385
358,364,358-364,30,0.007085498346717053
365,714,365+,176,0.04156825696740671
