month_index,Retention,Change,PctOfPrevious
0,1.0,,
1,0.20663925387756885,-0.7933607461224311,0.20663925387756885
2,0.21685626577351208,0.010217011895943234,1.0494437126742466
3,0.21027310878526267,-0.006583156988249406,0.9696427633079094
4,0.1987692044029746,-0.011503904382288072,0.9452906534328352
5,0.1808557020852624,-0.017913502317712215,0.9098778788619826
6,0.17321601038720374,-0.007639691698058643,0.957758082217076
7,0.17152186842408584,-0.001694141963117901,0.9902194839880514
8,0.1482518375299023,-0.023270030894183558,0.8643319880550235
9,0.142277273910955,-0.005974563618947298,0.9596999017449465
10,0.13677151158975653,-0.005505762321198454,0.9613025877580121
11,0.14139235238900558,0.004620840799249043,1.0337851117205545
12,0.17926023333590527,0.03786788094689969,1.267821281045779
13,0.16578906923078163,-0.01347116410512364,0.9248513523918
14,0.15760715883976195,-0.008181910391019676,0.9506486740713268
15,0.16213527729533328,0.004528118455571328,1.0287304110352946
16,0.17497186520401767,0.012836587908684388,1.0791720847111035
17,0.1732577561394204,-0.0017141090645972634,0.9902035160761496
18,0.1694037632444282,-0.003853992894992192,0.9777557266071778
19,0.2155982697426797,0.04619450649825149,1.2726887857361153
20,0.231734217358441,0.016135947615761287,1.0748426582227206
