CohortMonth,Orders,Customers,Revenue
2009-12,1497,951,681066.22
2010-01,959,701,535229.37
2010-02,1093,771,499749.68
2010-03,1509,1051,668577.1900000001
2010-04,1315,939,587753.77
2010-05,1365,965,594886.54
2010-06,1479,1034,631504.85
2010-07,1362,924,583388.53
2010-08,1276,910,596579.22
2010-09,1659,1136,808145.06
2010-10,2108,1492,1015124.74
2010-11,2570,1606,1161854.41
2010-12,1394,884,877014.47
2011-01,983,739,564026.64
2011-02,992,757,443346.02
2011-03,1312,973,584562.85
2011-04,1139,853,455266.91000000003
2011-05,1544,1054,660481.9
2011-06,1390,990,654432.56
2011-07,1321,946,592731.9
2011-08,1267,933,636807.24
2011-09,1739,1259,940900.81
2011-10,1903,1361,1005642.9
2011-11,2642,1660,1142145.77
2011-12,776,614,513230.43
