StockCode,Rows,Revenue,Customers,RevenueShare
POST,1838,126563.04,405,0.007132952640120148
M,709,152340.57,438,0.008585745656701263
C2,253,12796.0,45,0.000721168375719937
ADJUST,32,3538.52,25,0.00019942706477434446
BANK CHARGES,32,465.001,19,2.6206940909514415e-05
PADS,17,0.017,15,9.58101155614171e-10
DOT,16,11906.36,1,0.0006710292514799023
TEST001,9,225.0,2,1.2680750589011084e-05
D,5,397.89,5,2.24246393416072e-05
ADJUST2,3,731.0500000000001,3,4.1201167635984684e-05
SP1002,2,14.75,2,8.3129364972406e-07
TEST002,1,1.0,1,5.635889150671593e-08
