CohortMonth,First,Repeat,Total,RepeatShare
2009-12,399329.45,8118734.0,8518063.45,0.9531196906029152
2010-01,144467.8,1160448.46,1304916.26,0.8892896008514753
2010-02,148089.58000000002,843211.56,991301.1400000001,0.850610905178622
2010-03,178148.36000000002,1136869.07,1315017.4300000002,0.8645277576282772
2010-04,117825.6,425466.64,543292.24,0.7831266649418737
2010-05,102047.13,287188.66,389235.79,0.7378269608763367
2010-06,115738.79,483030.89,598769.68,0.8067056601797205
2010-07,58502.61,247421.45,305924.06,0.8087675418533606
2010-08,55973.68,193701.29,249674.97,0.775813811052025
2010-09,146641.32,449139.74,595781.06,0.7538671001055319
2010-10,159999.07,365796.79,525795.86,0.6957011605226409
2010-11,136421.23,227566.59,363987.82,0.625203859843442
2010-12,38534.21,36418.25,74952.45999999999,0.4858846527518911
2011-01,42226.880000000005,97687.17,139914.05,0.6981941413317676
2011-02,38983.51,100745.64,139729.15,0.7210066045631853
2011-03,65422.03,150226.85,215648.88,0.6966270819491388
2011-04,37106.54,67529.8,104636.34,0.6453761666357979
2011-05,45721.34,235294.25,281015.58999999997,0.8372996316681222
2011-06,40901.11,94091.78,134992.89,0.697012857491976
2011-07,37788.48,54797.09,92585.57,0.5918534605338607
2011-08,42555.79,93157.36,135713.15,0.6864283969534272
2011-09,85388.95,68393.1,153782.05,0.4447404622321006
2011-10,86171.24,56847.95,143019.19,0.39748477109959857
2011-11,62739.11,30464.7,93203.81,0.32686110149359776
