segment_type,segment_value,n,repeat_90d,avg_orders,median_first_order_value,revenue_per_customer,small_sample
Region,International,402,0.44029850746268656,4.482587064676617,406.82500000000005,3091.8219402985073,False
Region,UK,3871,0.4321880650994575,4.777060191165074,284.05,1875.4771299405838,False
FirstOrderTier,Low,1464,0.3483606557377049,3.7206284153005464,135.33999999999997,1008.7990163934427,False
FirstOrderTier,Mid,1396,0.44340974212034384,4.674785100286533,295.14,1427.268452722063,False
FirstOrderTier,High,1413,0.5102618542108988,5.888888888888889,572.3100000000001,3562.3042250530784,False
IsQ4Cohort,False,3496,0.4502288329519451,5.084954233409611,292.07000000000005,2156.2208953089244,False
IsQ4Cohort,True,777,0.3552123552123552,3.2393822393822393,295.13,1241.6166537966537,False
CohortYear,2010,3364,0.43222354340071345,5.19589774078478,294.27,2157.743391795482,False
CohortYear,2011,909,0.43564356435643564,3.096809680968097,284.55,1368.7960616061607,False
