day,at_risk,events,survival,repeated_by
0,5852,290,0.9504442925495558,0.04955570745044424
1,5561,36,0.9442914433260736,0.05570855667392638
2,5522,29,0.9393322886979577,0.06066771130204229
3,5492,27,0.9347143040302874,0.06528569596971256
4,5458,32,0.929234117564738,0.07076588243526205
5,5422,32,0.9237498881729874,0.07625011182701258
6,5388,40,0.9168920567834329,0.08310794321656712
7,5348,62,0.9062624181296234,0.09373758187037662
8,5280,36,0.9000833561878305,0.09991664381216947
9,5241,36,0.8939007572901465,0.10609924270985349
10,5203,40,0.8870285623465359,0.11297143765346407
11,5156,36,0.880835189917429,0.11916481008257096
12,5112,36,0.8746321251997007,0.12536787480029932
13,5074,35,0.8685989907136957,0.13140100928630427
14,5039,63,0.8577393486388867,0.14226065136111332
15,4972,28,0.8529089580994883,0.1470910419005117
16,4938,33,0.8472090804937202,0.15279091950627977
17,4904,37,0.8408170054573688,0.15918299454263118
18,4859,32,0.8352796224208107,0.16472037757918934
19,4820,23,0.8312938482889272,0.16870615171107284
20,4791,28,0.8264355248173992,0.17356447518260076
21,4763,61,0.8158513201115707,0.1841486798884293
22,4697,25,0.8115089136813409,0.18849108631865907
23,4666,25,0.8071609233594306,0.19283907664056943
24,4638,20,0.8036802811715934,0.1963197188284066
25,4612,25,0.7993238182424326,0.2006761817575674
26,4579,27,0.7946106181785441,0.20538938182145594
27,4548,22,0.7907668552937753,0.20923314470622467
28,4526,58,0.780633298597567,0.21936670140243297
29,4461,31,0.7752085883853893,0.2247914116146107
30,4423,21,0.7715279688158453,0.2284720311841547
31,4394,41,0.7643289140317193,0.23567108596828068
32,4349,28,0.7594079644817335,0.24059203551826647
33,4319,25,0.7550122249327538,0.24498777506724623
34,4290,38,0.7483244709589905,0.25167552904100954
35,4252,62,0.7374128723702187,0.2625871276297813
36,4187,25,0.73300988173032,0.26699011826968
37,4158,27,0.7282500773034998,0.2717499226965002
38,4121,30,0.7229485722515452,0.2770514277484548
39,4086,26,0.7183483121246387,0.2816516878753613
40,4056,31,0.7128579773919307,0.2871420226080693
41,4022,37,0.7063001093751476,0.29369989062485236
42,3985,43,0.6986788033015889,0.30132119669841106
43,3939,34,0.6926480647100037,0.30735193528999627
44,3900,28,0.6876752068095217,0.31232479319047834
45,3867,21,0.6839407409851099,0.31605925901489007
46,3840,19,0.6805566591937773,0.3194433408062227
47,3816,20,0.6769898003929713,0.3230101996070287
48,3794,35,0.6707445070314125,0.32925549296858747
49,3759,39,0.6637854658571042,0.3362145341428958
50,3717,33,0.657892293843845,0.34210770615615504
51,3678,34,0.65181063588009,0.34818936411990997
52,3636,18,0.648583850553951,0.35141614944604904
53,3614,18,0.6453534937996701,0.3546465062003299
54,3589,19,0.6419370222526671,0.35806297774733287
55,3569,15,0.639239052139529,0.36076094786047097
56,3554,38,0.6324041945195791,0.3675958054804209
57,3513,24,0.6280837559575324,0.3719162440424676
58,3483,18,0.624837845074031,0.37516215492596905
59,3461,19,0.6214076459823215,0.37859235401767855
60,3436,15,0.6186948652227945,0.3813051347772055
61,3412,18,0.6154309415492862,0.38456905845071376
62,3388,20,0.6117979371717815,0.38820206282821845
63,3368,31,0.6061667803866494,0.3938332196133506
64,3330,15,0.6034362993939167,0.39656370060608326
65,3306,17,0.6003333299172995,0.3996666700827005
66,3282,11,0.598321243802403,0.40167875619759696
67,3265,14,0.5957557009499578,0.4042442990500422
68,3248,22,0.5917204098720947,0.40827959012790527
69,3225,15,0.5889682219192013,0.4110317780807987
70,3210,29,0.5836473252102738,0.41635267478972615
71,3175,18,0.5803384584846724,0.41966154151532764
72,3150,16,0.5773907075844327,0.42260929241556733
73,3130,17,0.5742547197157633,0.42574528028423675
74,3112,15,0.571486782442069,0.42851321755793104
75,3094,9,0.5698244097717462,0.4301755902282538
76,3078,9,0.5681582565267996,0.43184174347320037
77,3069,22,0.5640854374835967,0.43591456251640326
78,3041,20,0.5603755694304327,0.43962443056956735
79,3016,13,0.5579601574932325,0.44203984250676753
80,2996,14,0.5553528670376566,0.44464713296234337
81,2980,10,0.553489266812698,0.44651073318730194
82,2965,14,0.5508758267670395,0.4491241732329605
83,2950,17,0.5477012881043142,0.4522987118956858
84,2933,26,0.5428461113260284,0.45715388867397155
85,2903,21,0.5389192190291471,0.4610807809708529
86,2877,13,0.5364840609313442,0.46351593906865585
87,2861,13,0.5340463493647215,0.4659536506352785
88,2845,19,0.5304797832353965,0.46952021676460354
89,2825,9,0.5287897591472129,0.47121024085278707
90,2812,13,0.526345140772777,0.47365485922722295
91,2799,33,0.5201395710530551,0.4798604289469449
92,2766,9,0.5184471429476764,0.48155285705232365
93,2755,18,0.5150598294910309,0.4849401705089691
94,2736,6,0.5139303123210944,0.48606968767890557
95,2729,12,0.5116704501928961,0.48832954980710386
96,2715,15,0.5088435416282945,0.4911564583717055
97,2699,15,0.5060155856725982,0.4939844143274018
98,2684,20,0.5022449777316698,0.49775502226833024
99,2663,8,0.5007361681853486,0.4992638318146514
100,2653,7,0.4994149645753609,0.5005850354246391
101,2646,12,0.4971500441010962,0.5028499558989038
102,2632,12,0.49488340256264135,0.5051165974373586
103,2620,13,0.4924278742293153,0.5075721257706847
104,2607,13,0.4899723458959892,0.5100276541040107
105,2594,10,0.48808347794727686,0.5119165220527231
106,2584,13,0.4856279496139508,0.5143720503860492
107,2563,9,0.48392266223723385,0.5160773377627661
108,2553,8,0.4824062574985351,0.517593742501465
109,2544,9,0.48069963158757334,0.5193003684124267
110,2535,10,0.47880338057539357,0.5211966194246065
111,2523,10,0.47690562639158307,0.5230943736084169
112,2513,15,0.4740589951158673,0.5259410048841326
113,2493,10,0.47215743476642535,0.5278425652335746
114,2478,9,0.47044257725516714,0.5295574227448329
115,2468,10,0.46853640797941687,0.5314635920205831
116,2457,13,0.46605737936576913,0.5339426206342308
117,2441,6,0.46491180612685284,0.5350881938731471
118,2435,8,0.46338437514163117,0.5366156248583689
119,2427,14,0.4607113709174932,0.5392886290825067
120,2412,19,0.45708221832734713,0.5429177816726529
121,2392,12,0.4547891637203538,0.5452108362796462
122,2380,7,0.45345154853294095,0.5465484514670591
123,2372,8,0.4519222009830828,0.5480777990169172
124,2363,5,0.45096595426073177,0.5490340457392682
125,2357,12,0.44866998843505135,0.5513300115649487
126,2345,16,0.44560870066747743,0.5543912993325226
127,2328,14,0.4429289232579651,0.5570710767420348
128,2312,7,0.44158787547993494,0.5584121245200651
129,2304,6,0.440437907054206,0.5595620929457941
130,2293,12,0.4381329550766,0.5618670449234
131,2279,10,0.4362104761161937,0.5637895238838063
132,2268,7,0.43486414748620544,0.5651358525137946
133,2261,13,0.43236382288765585,0.5676361771123442
134,2244,10,0.4304370678837001,0.5695629321162998
135,2231,8,0.42889359117232867,0.5711064088276714
136,2223,5,0.42792891822772156,0.5720710817722785
137,2218,7,0.42657837610527155,0.5734216238947285
138,2209,5,0.42561282975827003,0.57438717024173
139,2202,6,0.42445312177527744,0.5755468782247226
140,2196,12,0.4221337058092923,0.5778662941907077
141,2184,11,0.4200075745071393,0.5799924254928607
142,2172,11,0.41788046432317133,0.5821195356768287
143,2160,7,0.4165262220776796,0.5834737779223205
144,2152,6,0.41536490361463774,0.5846350963853623
145,2146,8,0.4138164789972486,0.5861835210027514
146,2137,9,0.4120736861516823,0.5879263138483177
147,2128,8,0.4105245369556233,0.5894754630443767
148,2118,11,0.408392445403918,0.5916075545960819
149,2106,5,0.4074228527035288,0.5925771472964712
150,2099,5,0.40645233614158616,0.5935476638584138
151,2094,12,0.40412309639292376,0.5958769036070762
152,2081,7,0.4027637202878058,0.5972362797121942
153,2074,9,0.40101595100979703,0.598984048990203
154,2065,10,0.3990739851453428,0.6009260148546571
155,2054,9,0.39732536495726684,0.6026746350427332
156,2045,6,0.39615961816521617,0.6038403818347838
157,2039,3,0.39557674476919086,0.6044232552308091
158,2035,6,0.39441042512859376,0.6055895748714062
159,2029,3,0.3938272653082952,0.6061727346917047
160,2023,9,0.39207519146362163,0.6079248085363784
161,2014,13,0.38954441813242646,0.6104555818675735
162,2000,6,0.3883757848780292,0.6116242151219708
163,1992,8,0.3868160427700853,0.6131839572299147
164,1983,3,0.38623084452081136,0.6137691554791886
165,1979,9,0.38447436266093904,0.615525637339061
166,1970,6,0.3833033747543575,0.6166966252456425
167,1962,4,0.38252192037157595,0.617478079628424
168,1958,8,0.3809590116060128,0.6190409883939871
169,1950,3,0.38037292081892665,0.6196270791810734
170,1946,4,0.3795910648665753,0.6204089351334248
171,1939,7,0.3782207000114613,0.6217792999885388
172,1930,6,0.37704488436375727,0.6229551156362427
173,1923,2,0.3766527419983244,0.6233472580016757
174,1917,5,0.3756703404803319,0.6243296595196681
175,1912,4,0.3748844192659379,0.625115580734062
176,1908,8,0.3733125768371499,0.6266874231628501
177,1897,5,0.3723286217057921,0.6276713782942078
178,1889,6,0.37114600035574724,0.6288539996442528
179,1883,9,0.3693720683306799,0.6306279316693201
181,1872,10,0.3673989269400246,0.6326010730599754
182,1862,5,0.3664123562446969,0.6335876437553031
183,1855,2,0.3660173024913334,0.6339826975086666
184,1852,7,0.36463386776269446,0.6353661322373055
185,1843,2,0.36423817175861123,0.6357618282413888
186,1838,5,0.36324731710203173,0.6367526828979683
187,1831,4,0.36245376752889785,0.6375462324711021
188,1825,3,0.3618579531165216,0.6381420468834784
189,1822,8,0.3602691146835182,0.6397308853164818
190,1812,7,0.3588773465804362,0.6411226534195638
191,1804,8,0.3572858727596804,0.6427141272403196
192,1795,7,0.3558925573784449,0.6441074426215552
193,1787,2,0.3554942444994539,0.6445057555005461
194,1785,4,0.35469761874147193,0.6453023812585281
195,1780,4,0.3539005454409293,0.6460994545590707
196,1776,8,0.35230639883984405,0.647693601160156
197,1767,5,0.3513094933535966,0.6486905066464034
198,1761,5,0.35031202176542625,0.6496879782345737
200,1755,4,0.34951358980698655,0.6504864101930135
201,1749,3,0.34891408107661437,0.6510859189233856
202,1743,2,0.34851372068524705,0.6514862793147529
203,1741,9,0.34671209892409416,0.6532879010759058
204,1730,6,0.345509629216843,0.6544903707831571
205,1723,4,0.3447075174833158,0.6552924825166841
206,1717,4,0.34390447143210245,0.6560955285678975
207,1713,3,0.34330218689369246,0.6566978131063075
208,1709,3,0.342699549936009,0.657300450063991
209,1703,4,0.34189461852100955,0.6581053814789904
210,1699,7,0.34048598854476053,0.6595140114552395
211,1692,7,0.3390773585685115,0.6609226414314885
212,1682,3,0.33847258325596363,0.6615274167440364
213,1677,5,0.3374634223040973,0.6625365776959027
214,1669,5,0.3364524474020479,0.6635475525979522
215,1663,1,0.3362501308371639,0.6637498691628361
216,1662,5,0.335238548012744,0.664761451987256
217,1657,5,0.3342269651883241,0.6657730348116759
218,1649,1,0.3340242805520668,0.6659757194479332
219,1645,3,0.3334151177303913,0.6665848822696088
220,1639,3,0.3328048399066017,0.6671951600933983
221,1634,4,0.3319901401761082,0.6680098598238918
222,1630,1,0.3317864652434848,0.6682135347565152
223,1629,7,0.33036074071512117,0.6696392592848788
224,1622,9,0.32852766632151076,0.6714723336784892
225,1613,2,0.328120316456264,0.671879683543736
226,1609,3,0.32750853214963327,0.6724914678503667
227,1604,0,0.32750853214963327,0.6724914678503667
228,1603,6,0.32628267363878,0.67371732636122
229,1597,4,0.3254654346315445,0.6745345653684556
230,1593,2,0.3250568151279267,0.6749431848720733
231,1591,6,0.32383095661707345,0.6761690433829266
232,1585,5,0.3228094078580291,0.677190592141971
233,1576,3,0.32219492294459373,0.6778050770554063
234,1571,2,0.3217847448122645,0.6782152551877355
235,1568,4,0.3209638653612128,0.6790361346387872
236,1563,2,0.3205531630382938,0.6794468369617062
237,1559,2,0.32014193383619205,0.679858066163808
238,1557,6,0.3189082462298869,0.6810917537701131
239,1548,2,0.31849622007196715,0.6815037799280328
240,1545,0,0.31849622007196715,0.6815037799280328
241,1543,4,0.31767056558052975,0.6823294344194702
242,1537,5,0.3166371545018683,0.6833628454981318
243,1531,4,0.31580988564621354,0.6841901143537865
244,1523,2,0.31539516485088037,0.6846048351491196
245,1521,2,0.3149804440555472,0.6850195559444527
246,1518,2,0.3145654500581091,0.6854345499418909
247,1515,3,0.3139425481768059,0.6860574518231941
248,1509,2,0.3135264546735894,0.6864735453264106
249,1506,3,0.31290189998300455,0.6870981000169955
250,1499,1,0.3126931595560646,0.6873068404439354
251,1498,3,0.3120669382752447,0.6879330617247553
252,1495,2,0.31164945742136474,0.6883505425786353
253,1489,2,0.31123085506082565,0.6887691449391744
254,1486,0,0.31123085506082565,0.6887691449391744
255,1483,1,0.31102098934601724,0.6889790106539828
256,1482,4,0.3101815264867837,0.6898184735132162
257,1476,4,0.3093409261440011,0.6906590738559989
258,1471,5,0.30828946140523833,0.6917105385947617
259,1466,2,0.30786887550973324,0.6921311244902668
260,1463,2,0.307448002132413,0.6925519978675869
261,1455,1,0.3072366976635935,0.6927633023364065
262,1449,2,0.3068126304480468,0.6931873695519533
263,1444,5,0.3057502598440023,0.6942497401559977
264,1437,0,0.3057502598440023,0.6942497401559977
265,1434,1,0.30553704487897854,0.6944629551210215
266,1433,4,0.3046841850188837,0.6953158149811163
267,1421,3,0.30404093902658486,0.6959590609734152
268,1414,1,0.30382591714608514,0.6961740828539149
269,1410,2,0.3033949583983602,0.6966050416016398
270,1405,2,0.30296307945402096,0.697036920545979
271,1402,2,0.30253089246478554,0.6974691075352144
272,1399,2,0.3020983965498966,0.6979016034501033
273,1397,3,0.30144965267756324,0.6985503473224368
274,1392,4,0.3005834180434323,0.6994165819565676
275,1385,0,0.3005834180434323,0.6994165819565676
276,1383,3,0.2999313932754422,0.7000686067245578
277,1378,2,0.29949607920682764,0.7005039207931724
278,1371,2,0.2990591775595529,0.7009408224404471
279,1369,4,0.29818537426500347,0.7018146257349965
280,1365,2,0.29774847261772874,0.7022515273822713
281,1362,3,0.2970926389776016,0.7029073610223984
282,1358,1,0.2968738667839509,0.7031261332160491
283,1355,0,0.2968738667839509,0.7031261332160491
284,1354,2,0.29643535294822865,0.7035646470517714
285,1348,2,0.2959955378845072,0.7040044621154928
286,1345,3,0.29533532478885405,0.704664675211146
287,1342,4,0.29445504066131645,0.7055449593386836
288,1336,0,0.29445504066131645,0.7055449593386836
289,1333,2,0.29401324765207215,0.7059867523479278
290,1329,7,0.2924646451437467,0.7075353548562533
291,1320,0,0.2924646451437467,0.7075353548562533
292,1318,2,0.29202084446826304,0.707979155531737
294,1315,4,0.2911325681352797,0.7088674318647203
295,1309,4,0.29024293461920553,0.7097570653807945
296,1303,6,0.28890643607145783,0.7110935639285422
297,1294,3,0.2882366375334251,0.7117633624665749
298,1287,1,0.2880126774421015,0.7119873225578985
299,1285,0,0.2880126774421015,0.7119873225578985
300,1284,2,0.28756405956446585,0.7124359404355342
301,1282,2,0.2871154416868302,0.7128845583131698
302,1279,3,0.2864419887352582,0.7135580112647417
303,1274,0,0.2864419887352582,0.7135580112647417
304,1272,2,0.2859916082498254,0.7140083917501746
305,1267,1,0.2857658848021144,0.7142341151978856
306,1266,6,0.28441154411584846,0.7155884558841515
307,1259,1,0.2841856413802521,0.7158143586197478
308,1258,2,0.2837338359090593,0.7162661640909407
309,1253,2,0.28328094870090437,0.7167190512990956
310,1250,1,0.28305432394194363,0.7169456760580564
311,1244,3,0.2823717170514084,0.7176282829485916
312,1238,0,0.2823717170514084,0.7176282829485916
313,1236,1,0.2821432609696516,0.7178567390303484
315,1233,2,0.28168560766718664,0.7183143923328134
316,1230,1,0.28145659497802633,0.7185434050219737
317,1227,2,0.28099782302207194,0.719002176977928
318,1224,2,0.280538676252428,0.719461323747572
319,1222,3,0.27984995609796215,0.7201500439020379
321,1215,3,0.27915896855204125,0.7208410314479587
322,1212,4,0.2782376518241467,0.7217623481758533
324,1208,5,0.27708600591427857,0.7229139940857214
325,1202,3,0.27639444350351083,0.7236055564964892
326,1197,2,0.27593263156783243,0.7240673684321676
327,1194,1,0.27570153221141047,0.7242984677885895
329,1193,3,0.2750082341421446,0.7249917658578554
330,1189,3,0.27431435297946466,0.7256856470205353
331,1184,2,0.27385098413997233,0.7261490158600277
332,1179,2,0.27338643624490877,0.7266135637550912
333,1175,2,0.2729210976300238,0.7270789023699762
334,1172,2,0.27245536196853914,0.7275446380314609
336,1168,3,0.27175556223745556,0.7282444377625444
337,1162,1,0.2715216934231376,0.7284783065768624
338,1161,2,0.2710539557945017,0.7289460442054982
339,1158,1,0.2708198850209313,0.7291801149790686
340,1157,4,0.26988360192664973,0.7301163980733503
341,1153,3,0.26918138960593857,0.7308186103940615
342,1150,3,0.2684791772852274,0.7315208227147726
343,1147,3,0.26777696496451625,0.7322230350354837
344,1144,1,0.2675428941909459,0.7324571058090541
345,1143,1,0.2673088234173755,0.7326911765826245
346,1142,3,0.26660661109666434,0.7333933889033357
347,1139,1,0.26637254032309393,0.7336274596769061
348,1138,2,0.2659043987759532,0.7340956012240468
349,1136,4,0.26496811568167167,0.7350318843183283
350,1132,6,0.26356369104024935,0.7364363089597507
351,1126,4,0.26262740794596784,0.7373725920540322
352,1122,3,0.2619251956252567,0.7380748043747434
353,1119,3,0.2612229833045455,0.7387770166954545
354,1114,1,0.26098849229619314,0.7390115077038069
355,1112,3,0.26028438665150916,0.7397156133484908
356,1109,6,0.25887617536214125,0.7411238246378588
357,1103,2,0.2584067715990186,0.7415932284009814
358,1099,2,0.25793651359792846,0.7420634864020715
359,1095,2,0.2574653966781149,0.7425346033218851
360,1091,4,0.2565214355537222,0.7434785644462778
361,1087,5,0.2553414841482313,0.7446585158517687
362,1081,5,0.2541604412058251,0.7458395587941749
363,1074,3,0.2534504958393284,0.7465495041606716
364,1071,9,0.25132065973983825,0.7486793402601617
365,1062,2,0.2508473628288404,0.7491526371711597
