Country,Customers,Orders,Revenue,CustomerShare
United Kingdom,5334,33361,14622043.45,0.9114832535885168
Germany,107,754,389623.73,0.018284347231715653
France,91,586,313781.59,0.01555023923444976
Spain,36,141,98116.57,0.006151742993848257
Belgium,27,154,61069.189999999995,0.004613807245386192
Portugal,23,83,48088.04,0.00393028024606972
Netherlands,22,216,549952.66,0.0037593984962406013
Switzerland,21,78,92127.34,0.0035885167464114833
Sweden,19,98,86079.04,0.003246753246753247
Italy,17,59,29323.75,0.00290498974709501
